[{"key": "themeify", "name": "Themeify", "url": "https://github.com/birkbjo/OctoPrint-Themeify"}, {"key": "prusaslicerthumbnails", "name": "Slicer Thumbnails", "url": "https://github.com/jneilliii/OctoPrint-PrusaSlicerThumbnails"}, {"key": "preheat", "name": "Preheat Button", "url": "https://github.com/marian42/octoprint-preheat"}, {"key": "octorelay", "name": "OctoRelay", "url": "https://github.com/borisbu/OctoRelay"}, {"key": "taborder", "name": "Tab Order", "url": "https://github.com/jneilliii/OctoPrint-TabOrder"}, {"key": "SpoolManager", "name": "SpoolManager Plugin", "url": "https://github.com/OllisGit/OctoPrint-SpoolManager"}, {"key": "PrintTimeGenius", "name": "PrintTimeGenius Plugin", "url": "https://github.com/eyal0/OctoPrint-PrintTimeGenius"}, {"key": "plotlytempgraph", "name": "Plotly Temp Graph", "url": "https://github.com/jneilliii/OctoPrint-PlotlyTempGraph"}, {"key": "malyan_connection_fix", "name": "Malyan/Monoprice Connection Fix", "url": "https://github.com/OctoPrint/OctoPrint-MalyanConnectionFix"}, {"key": "gpiocontrol", "name": "GPIO Control", "url": "https://github.com/catgiggle/OctoPrint-GpioControl"}, {"key": "filamentmanager", "name": "Filament Manager", "url": "https://github.com/OllisGit/OctoPrint-FilamentManager"}, {"key": "enclosure", "name": "Enclosure Plugin", "url": "https://github.com/vitormhenrique/OctoPrint-Enclosure"}, {"key": "BLTouch", "name": "BLTouch Plugin", "url": "https://github.com/jneilliii/OctoPrint-Bltouch"}, {"key": "octolapse", "name": "Octolapse", "url": "https://github.com/FormerLurker/Octolapse"}, {"key": "octodashcompanion", "name": "OctoDash Companion", "url": "https://github.com/jneilliii/OctoPrint-OctoDashCompanion"}, {"key": "DisplayLayerProgress", "name": "DisplayLayerProgress Plugin", "url": "https://github.com/OllisGit/OctoPrint-DisplayLayerProgress"}, {"key": "consolidatedtabs", "name": "Consolidated Tabs", "url": "https://github.com/jneilliii/OctoPrint-ConsolidatedTabs"}, {"key": "consolidate_temp_control", "name": "Consolidate Temp Control", "url": "https://github.com/jneilliii/OctoPrint-ConsolidateTempControl"}, {"key": "ABL_Expert", "name": "ABL Expert Plugin", "url": "https://framagit.org/razer/Octoprint_ABL_Expert"}, {"key": "arc_welder", "name": "Arc-Welder", "url": "https://github.com/FormerLurker/ArcWelderPlugin"}, {"key": "wifistatus", "name": "WiFi Status", "url": "https://github.com/ManuelMcLure/OctoPrint-WiFiStatus"}, {"key": "toptemp", "name": "Top Temp", "url": "https://github.com/LazeMSS/OctoPrint-TopTemp"}, {"key": "thespaghettidetective", "name": "Access Anywhere - The Spaghetti Detective", "url": "https://thespaghettidetective.com"}, {"key": "ThermalRunaway", "name": "Thermal-Runaway", "url": "https://github.com/AlexVerrico/Octoprint-ThermalRunaway"}, {"key": "Octoslack", "name": "Octoslack", "url": "https://github.com/fraschetti/Octoslack"}, {"key": "dashboard", "name": "Dashboard", "url": "https://github.com/j7126/OctoPrint-Dashboard"}]